date,reason
2026-09-28,"DAYTYPE-001: the recorder fetched only non-QUIET names and every name was QUIET, so nothing was fetched; NOT backfilled - a replay from today's 60d bars reproduces only 112 of 743 logged name-days (the live 13:15 PT run reads a last bar still forming), so a backfilled row would not be what a live run writes"
2026-09-29,"DAYTYPE-001: the recorder fetched only non-QUIET names and every name was QUIET, so nothing was fetched; NOT backfilled - a replay from today's 60d bars reproduces only 112 of 743 logged name-days (the live 13:15 PT run reads a last bar still forming), so a backfilled row would not be what a live run writes"
2026-09-30,"DAYTYPE-001: the recorder fetched only non-QUIET names and every name was QUIET, so nothing was fetched; NOT backfilled - a replay from today's 60d bars reproduces only 112 of 743 logged name-days (the live 13:15 PT run reads a last bar still forming), so a backfilled row would not be what a live run writes"
2026-10-01,"DAYTYPE-001: the recorder fetched only non-QUIET names and every name was QUIET, so nothing was fetched; NOT backfilled - a replay from today's 60d bars reproduces only 112 of 743 logged name-days (the live 13:15 PT run reads a last bar still forming), so a backfilled row would not be what a live run writes"
2026-10-02,"DAYTYPE-001: the recorder fetched only non-QUIET names and every name was QUIET, so nothing was fetched; NOT backfilled - a replay from today's 60d bars reproduces only 112 of 743 logged name-days (the live 13:15 PT run reads a last bar still forming), so a backfilled row would not be what a live run writes"
2026-10-05,"DAYTYPE-001: the recorder fetched only non-QUIET names and every name was QUIET, so nothing was fetched; NOT backfilled - a replay from today's 60d bars reproduces only 112 of 743 logged name-days (the live 13:15 PT run reads a last bar still forming), so a backfilled row would not be what a live run writes"
2026-10-06,"DAYTYPE-001: the recorder fetched only non-QUIET names and every name was QUIET, so nothing was fetched; NOT backfilled - a replay from today's 60d bars reproduces only 112 of 743 logged name-days (the live 13:15 PT run reads a last bar still forming), so a backfilled row would not be what a live run writes"
2026-10-07,"DAYTYPE-001: the recorder fetched only non-QUIET names and every name was QUIET, so nothing was fetched; NOT backfilled - a replay from today's 60d bars reproduces only 112 of 743 logged name-days (the live 13:15 PT run reads a last bar still forming), so a backfilled row would not be what a live run writes"
2026-10-08,"DAYTYPE-001: the recorder fetched only non-QUIET names and every name was QUIET, so nothing was fetched; NOT backfilled - a replay from today's 60d bars reproduces only 112 of 743 logged name-days (the live 13:15 PT run reads a last bar still forming), so a backfilled row would not be what a live run writes"
