strategy,ticker,side,entry_date,entry_px,exit_date,exit_px,net,excess,regime
PANIC_LITE,DASH,1,2026-07-25,169.77,2026-07-27,184.37,0.084,0.08277,calm-down
PANIC_BOUNCE,IOT,1,2026-07-25,31.49,2026-07-27,35.34,0.12026,0.11903,calm-down
PANIC_LITE,IOT,1,2026-07-25,31.49,2026-07-27,35.34,0.12026,0.11903,calm-down
PANIC_BOUNCE,TSLA,1,2026-07-25,319.69,2026-07-27,309.22,-0.03475,-0.03598,calm-down
PANIC_LITE,TSLA,1,2026-07-25,319.69,2026-07-27,309.22,-0.03475,-0.03598,calm-down
PANIC_BOUNCE,SHOP,1,2026-07-25,112.0,2026-07-27,126.88,0.13086,0.12962,calm-down
PANIC_LITE,SHOP,1,2026-07-25,112.0,2026-07-27,126.88,0.13086,0.12962,calm-down
PANIC_LITE,ASTS,1,2026-07-25,59.18,2026-07-27,58.29,-0.01704,-0.01827,calm-down
REVERSAL_3,CRWD,1,2026-07-25,183.42,2026-07-27,180.11,-0.02005,-0.02128,calm-down
REVERSAL_3,PANW,1,2026-07-25,325.63,2026-07-27,317.32,-0.02752,-0.02875,calm-down
REVERSAL_3,ABNB,1,2026-07-25,137.57,2026-07-27,146.86,0.06553,0.0643,calm-down
REVERSAL_3,V,1,2026-07-25,351.6,2026-07-27,362.53,0.02909,0.02785,calm-down
PANIC_BOUNCE,GOOG,1,2026-07-25,318.34,2026-07-27,326.57,0.02385,0.02262,calm-down
PANIC_BOUNCE,MOH,1,2026-07-25,200.29,2026-07-27,199.48,-0.00604,-0.00728,calm-down
REVERSAL_3,OKTA,1,2026-07-25,136.1,2026-07-27,137.43,0.00777,0.00654,calm-down
PANIC_BOUNCE,AAL,1,2026-07-26,13.56,2026-07-27,14.95,0.10051,0.09927,calm-down
PANIC_BOUNCE,MBLY,1,2026-07-26,7.47,2026-07-27,8.01,0.07029,0.06906,calm-down
REVERSAL_3,EBAY,1,2026-07-26,109.32,2026-07-27,113.21,0.03358,0.03235,calm-down
PANIC_BOUNCE,NBIS,1,2026-07-25,187.77,2026-07-28,169.69,-0.09829,-0.1009,calm-down
PANIC_BOUNCE,INOD,1,2026-07-25,55.89,2026-07-28,57.56,0.02788,0.02527,calm-down
PANIC_BOUNCE,INTC,1,2026-07-25,92.32,2026-07-28,86.3,-0.06721,-0.06982,calm-down
PANIC_BOUNCE,TER,1,2026-07-25,349.92,2026-07-28,320.65,-0.08565,-0.08826,calm-down
PANIC_BOUNCE,GFS,1,2026-07-25,53.53,2026-07-28,49.02,-0.08625,-0.08886,calm-down
PANIC_BOUNCE,TSEM,1,2026-07-25,233.37,2026-07-28,202.99,-0.13218,-0.13479,calm-down
PANIC_BOUNCE,SNDK,1,2026-07-25,1436.56,2026-07-28,1096.1,-0.239,-0.24161,calm-down
PANIC_BOUNCE,GLW,1,2026-07-25,146.65,2026-07-28,126.01,-0.14274,-0.14536,calm-down
PANIC_BOUNCE,HOOD,1,2026-07-25,94.91,2026-07-28,92.76,-0.02465,-0.02726,calm-down
DOUBLE_DIP,AAL,1,2026-07-25,13.56,2026-07-28,15.36,0.13074,0.12711,calm-down
PANIC_LITE,ORCL,1,2026-07-25,114.99,2026-07-28,119.96,0.04122,0.03861,calm-down
DOUBLE_DIP,NICE,1,2026-07-25,86.82,2026-07-28,101.41,0.16605,0.16242,calm-down
DOUBLE_DIP,DASH,1,2026-07-25,169.77,2026-07-28,195.52,0.14968,0.14605,calm-down
DOUBLE_DIP,IOT,1,2026-07-25,31.49,2026-07-28,37.5,0.18885,0.18522,calm-down
PANIC_LITE,NBIS,1,2026-07-25,187.77,2026-07-28,169.69,-0.09829,-0.1009,calm-down
PANIC_BOUNCE,CRWV,1,2026-07-25,71.88,2026-07-28,67.3,-0.06572,-0.06833,calm-down
PANIC_LITE,CRWV,1,2026-07-25,71.88,2026-07-28,67.3,-0.06572,-0.06833,calm-down
PANIC_LITE,INOD,1,2026-07-25,55.89,2026-07-28,57.56,0.02788,0.02527,calm-down
PANIC_LITE,AMD,1,2026-07-25,521.95,2026-07-28,454.62,-0.131,-0.13361,calm-down
PANIC_BOUNCE,MU,1,2026-07-25,920.95,2026-07-28,820.53,-0.11104,-0.11365,calm-down
PANIC_LITE,MU,1,2026-07-25,920.95,2026-07-28,820.53,-0.11104,-0.11365,calm-down
PANIC_BOUNCE,MRVL,1,2026-07-25,194.23,2026-07-28,174.47,-0.10374,-0.10635,calm-down
PANIC_LITE,MRVL,1,2026-07-25,194.23,2026-07-28,174.47,-0.10374,-0.10635,calm-down
PANIC_LITE,ON,1,2026-07-25,86.81,2026-07-28,84.39,-0.02988,-0.03249,calm-down
PANIC_LITE,MCHP,1,2026-07-25,78.86,2026-07-28,75.71,-0.04194,-0.04456,calm-down
PANIC_LITE,MPWR,1,2026-07-25,1333.81,2026-07-28,1282.01,-0.04084,-0.04345,calm-down
PANIC_LITE,KLAC,1,2026-07-25,210.52,2026-07-28,190.8,-0.09567,-0.09828,calm-down
PANIC_LITE,TER,1,2026-07-25,349.92,2026-07-28,320.65,-0.08565,-0.08826,calm-down
PANIC_LITE,TSEM,1,2026-07-25,233.37,2026-07-28,202.99,-0.13218,-0.13479,calm-down
PANIC_BOUNCE,WDC,1,2026-07-25,519.8,2026-07-28,463.51,-0.11029,-0.1129,calm-down
PANIC_LITE,WDC,1,2026-07-25,519.8,2026-07-28,463.51,-0.11029,-0.1129,calm-down
PANIC_BOUNCE,STX,1,2026-07-25,851.69,2026-07-28,747.3,-0.12457,-0.12718,calm-down
PANIC_LITE,STX,1,2026-07-25,851.69,2026-07-28,747.3,-0.12457,-0.12718,calm-down
PANIC_LITE,SNDK,1,2026-07-25,1436.56,2026-07-28,1096.1,-0.239,-0.24161,calm-down
PANIC_LITE,GLW,1,2026-07-25,146.65,2026-07-28,126.01,-0.14274,-0.14536,calm-down
PANIC_LITE,HOOD,1,2026-07-25,94.91,2026-07-28,92.76,-0.02465,-0.02726,calm-down
PANIC_BOUNCE,AVAV,1,2026-07-25,149.51,2026-07-28,156.35,0.04375,0.04114,calm-down
PANIC_LITE,AVAV,1,2026-07-25,149.51,2026-07-28,156.35,0.04375,0.04114,calm-down
PANIC_LITE,VRT,1,2026-07-25,290.36,2026-07-28,269.56,-0.07364,-0.07625,calm-down
PANIC_BOUNCE,BE,1,2026-07-25,184.89,2026-07-28,166.84,-0.09963,-0.10224,calm-down
PANIC_LITE,BE,1,2026-07-25,184.89,2026-07-28,166.84,-0.09963,-0.10224,calm-down
PANIC_BOUNCE,OKLO,1,2026-07-25,40.25,2026-07-28,39.58,-0.01865,-0.02126,calm-down
PANIC_LITE,OKLO,1,2026-07-25,40.25,2026-07-28,39.58,-0.01865,-0.02126,calm-down
PANIC_BOUNCE,SMR,1,2026-07-25,8.09,2026-07-28,8.22,0.01407,0.01146,calm-down
PANIC_BOUNCE,QBTS,1,2026-07-25,16.21,2026-07-28,17.64,0.08622,0.08361,calm-down
PANIC_BOUNCE,RKLB,1,2026-07-25,63.91,2026-07-28,63.89,-0.00231,-0.00492,calm-down
PANIC_BOUNCE,ASTS,1,2026-07-25,56.2,2026-07-28,56.55,0.00423,0.00162,calm-down
DOUBLE_DIP,PCT,1,2026-07-25,6.01,2026-07-28,6.17,0.02462,0.02099,calm-down
PANIC_BOUNCE,IREN,1,2026-07-25,37.07,2026-07-28,33.93,-0.0867,-0.08932,calm-down
PANIC_BOUNCE,INFQ,1,2026-07-25,8.97,2026-07-28,9.56,0.06377,0.06116,calm-down
DOUBLE_DIP,CVNA,1,2026-07-25,60.19,2026-07-28,66.07,0.09569,0.09206,calm-down
DOUBLE_DIP,SHOP,1,2026-07-25,112.0,2026-07-28,130.28,0.16121,0.15758,calm-down
PANIC_LITE,SMCI,1,2026-07-25,30.1,2026-07-28,28.45,-0.05682,-0.05943,calm-down
PANIC_LITE,INTC,1,2026-07-25,92.32,2026-07-28,86.3,-0.06721,-0.06982,calm-down
PANIC_LITE,AMAT,1,2026-07-25,536.25,2026-07-28,476.46,-0.1135,-0.11611,calm-down
PANIC_LITE,LRCX,1,2026-07-25,305.21,2026-07-28,269.61,-0.11864,-0.12125,calm-down
PANIC_LITE,GFS,1,2026-07-25,53.53,2026-07-28,49.02,-0.08625,-0.08886,calm-down
PANIC_LITE,KTOS,1,2026-07-25,47.35,2026-07-28,48.64,0.02524,0.02263,calm-down
PANIC_LITE,IONQ,1,2026-07-25,32.84,2026-07-28,33.88,0.02967,0.02706,calm-down
PANIC_LITE,RGTI,1,2026-07-25,14.15,2026-07-28,14.52,0.02415,0.02154,calm-down
PANIC_LITE,RKLB,1,2026-07-25,63.91,2026-07-28,63.89,-0.00231,-0.00492,calm-down
PANIC_LITE,IREN,1,2026-07-25,37.07,2026-07-28,33.93,-0.0867,-0.08932,calm-down
PANIC_BOUNCE,LPTH,1,2026-07-25,10.83,2026-07-28,10.37,-0.04447,-0.04709,calm-down
PANIC_LITE,LPTH,1,2026-07-25,10.83,2026-07-28,10.37,-0.04447,-0.04709,calm-down
PANIC_LITE,INFQ,1,2026-07-25,8.97,2026-07-28,9.56,0.06377,0.06116,calm-down
BOLL_SNAP,TSLA,1,2026-07-25,319.69,2026-07-28,307.44,-0.04032,-0.04395,calm-down
RSI2_DIP,CRWD,1,2026-07-25,183.42,2026-07-28,181.8,-0.01083,-0.01446,calm-down
BOLL_SNAP,ABNB,1,2026-07-25,137.57,2026-07-28,153.11,0.11096,0.10733,calm-down
RSI2_DIP,ABNB,1,2026-07-25,137.57,2026-07-28,153.11,0.11096,0.10733,calm-down
REVERSAL_3,TSM,1,2026-07-25,403.41,2026-07-28,392.31,-0.02952,-0.03213,calm-down
REVERSAL_3,INTC,1,2026-07-25,92.32,2026-07-28,86.3,-0.06721,-0.06982,calm-down
REVERSAL_3,GFS,1,2026-07-25,53.53,2026-07-28,49.02,-0.08625,-0.08886,calm-down
RSI2_DIP,V,1,2026-07-25,351.6,2026-07-28,366.59,0.04063,0.037,calm-down
REVERSAL_3,MOH,1,2026-07-25,197.55,2026-07-28,200.34,0.01212,0.00951,calm-down
REVERSAL_3,HUM,1,2026-07-25,389.32,2026-07-28,388.71,-0.00357,-0.00618,calm-down
RSI2_DIP,BE,1,2026-07-25,217.3,2026-07-28,166.84,-0.23421,-0.23784,calm-down
RSI2_DIP,HOOD,1,2026-07-25,101.58,2026-07-28,92.76,-0.08883,-0.09246,calm-down
REVERSAL_3,BE,1,2026-07-25,184.89,2026-07-28,166.84,-0.09963,-0.10224,calm-down
DOUBLE_DIP,PLTR,1,2026-07-25,123.37,2026-07-28,123.53,-0.0007,-0.00433,calm-down
DOUBLE_DIP,GOOG,1,2026-07-25,318.34,2026-07-28,332.6,0.04279,0.03916,calm-down
RSI2_DIP,OKTA,1,2026-07-25,136.1,2026-07-28,136.21,-0.00119,-0.00482,calm-down
DOUBLE_DIP,RBLX,1,2026-07-25,47.55,2026-07-28,49.5,0.03901,0.03538,calm-down
DOUBLE_DIP,COIN,1,2026-07-26,161.16,2026-07-28,167.9,0.03982,0.03619,calm-down
BOLL_SNAP,AAL,1,2026-07-26,13.56,2026-07-28,15.36,0.13074,0.12711,calm-down
DOUBLE_DIP,MBLY,1,2026-07-26,7.47,2026-07-28,8.43,0.12651,0.12288,calm-down
BOLL_SNAP,MBLY,1,2026-07-26,7.47,2026-07-28,8.43,0.12651,0.12288,calm-down
RSI2_DIP,XYZ,1,2026-07-26,76.49,2026-07-28,83.1,0.08442,0.08079,calm-down
RSI2_DIP,AAPL,1,2026-07-26,321.66,2026-07-28,340.08,0.05527,0.05163,calm-down
BOLL_SNAP,CVNA,1,2026-07-26,60.19,2026-07-28,66.07,0.09569,0.09206,calm-down
DOUBLE_DIP,RDDT,1,2026-07-26,168.78,2026-07-28,178.44,0.05523,0.0516,calm-down
PANIC_BOUNCE,ARM,1,2026-07-25,260.01,2026-07-28,244.74,-0.06073,-0.06334,calm-down
PANIC_LITE,ARM,1,2026-07-25,260.01,2026-07-28,244.74,-0.06073,-0.06334,calm-down
RSI2_DIP,PANW,1,2026-07-25,325.63,2026-07-28,319.0,-0.02236,-0.02599,calm-down
REVERSAL_3,ARM,1,2026-07-25,260.01,2026-07-28,244.74,-0.06073,-0.06334,calm-down
DOUBLE_DIP,ORCL,1,2026-07-25,114.99,2026-07-29,117.74,0.02192,0.03473,calm-down
DOUBLE_DIP,TSLA,1,2026-07-25,313.03,2026-07-29,298.32,-0.04899,-0.03618,calm-down
DOUBLE_DIP,INOD,1,2026-07-25,55.89,2026-07-29,55.4,-0.01077,0.00205,calm-down
DOUBLE_DIP,ARM,1,2026-07-25,260.01,2026-07-29,224.89,-0.13707,-0.12426,calm-down
DOUBLE_DIP,INTC,1,2026-07-25,92.32,2026-07-29,81.88,-0.11508,-0.10227,calm-down
DOUBLE_DIP,GFS,1,2026-07-25,53.53,2026-07-29,47.07,-0.12268,-0.10986,calm-down
DOUBLE_DIP,HOOD,1,2026-07-25,94.91,2026-07-29,89.84,-0.05542,-0.0426,calm-down
DOUBLE_DIP,MOH,1,2026-07-25,197.55,2026-07-29,199.02,0.00544,0.01826,calm-down
DOUBLE_DIP,BE,1,2026-07-25,184.89,2026-07-29,163.75,-0.11634,-0.10352,calm-down
DOUBLE_DIP,CRWV,1,2026-07-25,71.88,2026-07-29,60.82,-0.15587,-0.14305,calm-down
DOUBLE_DIP,MRVL,1,2026-07-25,194.23,2026-07-29,163.4,-0.16073,-0.14791,calm-down
DOUBLE_DIP,MCHP,1,2026-07-25,78.86,2026-07-29,71.37,-0.09698,-0.08416,calm-down
DOUBLE_DIP,OKLO,1,2026-07-25,40.25,2026-07-29,36.84,-0.08672,-0.0739,calm-down
DOUBLE_DIP,QBTS,1,2026-07-25,16.21,2026-07-29,16.18,-0.00385,0.00897,calm-down
DOUBLE_DIP,RGTI,1,2026-07-25,14.15,2026-07-29,13.22,-0.06772,-0.05491,calm-down
DOUBLE_DIP,ASTS,1,2026-07-25,56.2,2026-07-29,53.03,-0.05841,-0.04559,calm-down
DOUBLE_DIP,IREN,1,2026-07-25,37.07,2026-07-29,29.31,-0.21133,-0.19852,calm-down
DOUBLE_DIP,INFQ,1,2026-07-25,8.97,2026-07-29,8.83,-0.01761,-0.00479,calm-down
BOLL_SNAP,GOOG,1,2026-07-25,319.09,2026-07-29,335.76,0.05024,0.06306,calm-down
BOLL_SNAP,AMZN,1,2026-07-25,232.11,2026-07-29,226.65,-0.02552,-0.01271,calm-down
BOLL_SNAP,DASH,1,2026-07-25,172.91,2026-07-29,193.53,0.11725,0.13007,calm-down
RSI2_DIP,NBIS,1,2026-07-25,187.77,2026-07-29,148.22,-0.21263,-0.19981,calm-down
BOLL_SNAP,INOD,1,2026-07-25,55.89,2026-07-29,55.4,-0.01077,0.00205,calm-down
RSI2_DIP,EBAY,1,2026-07-25,109.39,2026-07-29,115.3,0.05203,0.06484,calm-down
RSI2_DIP,NVDA,1,2026-07-25,206.84,2026-07-29,190.01,-0.08337,-0.07055,calm-down
RSI2_DIP,TSM,1,2026-07-25,403.41,2026-07-29,374.67,-0.07324,-0.06043,calm-down
RSI2_DIP,MRVL,1,2026-07-25,194.23,2026-07-29,163.4,-0.16073,-0.14791,calm-down
RSI2_DIP,ARM,1,2026-07-25,260.01,2026-07-29,224.89,-0.13707,-0.12426,calm-down
RSI2_DIP,TXN,1,2026-07-25,279.58,2026-07-29,271.3,-0.03162,-0.0188,calm-down
RSI2_DIP,NXPI,1,2026-07-25,269.24,2026-07-29,240.98,-0.10696,-0.09415,calm-down
RSI2_DIP,INTC,1,2026-07-25,92.32,2026-07-29,81.88,-0.11508,-0.10227,calm-down
RSI2_DIP,ON,1,2026-07-25,86.81,2026-07-29,78.86,-0.09358,-0.08076,calm-down
RSI2_DIP,MCHP,1,2026-07-25,78.86,2026-07-29,71.37,-0.09698,-0.08416,calm-down
RSI2_DIP,MPWR,1,2026-07-25,1333.81,2026-07-29,1248.76,-0.06576,-0.05295,calm-down
RSI2_DIP,LRCX,1,2026-07-25,305.21,2026-07-29,252.35,-0.17519,-0.16238,calm-down
RSI2_DIP,GFS,1,2026-07-25,53.53,2026-07-29,47.07,-0.12268,-0.10986,calm-down
RSI2_DIP,WDC,1,2026-07-25,519.8,2026-07-29,462.04,-0.11312,-0.1003,calm-down
RSI2_DIP,SNDK,1,2026-07-25,1436.56,2026-07-29,1015.89,-0.29483,-0.28202,calm-down
RSI2_DIP,DELL,1,2026-07-25,437.5,2026-07-29,369.64,-0.15711,-0.14429,calm-down
BOLL_SNAP,SOFI,1,2026-07-25,16.46,2026-07-29,15.25,-0.07551,-0.0627,calm-down
BOLL_SNAP,MOH,1,2026-07-25,197.55,2026-07-29,199.02,0.00544,0.01826,calm-down
RSI2_DIP,MOH,1,2026-07-25,197.55,2026-07-29,199.02,0.00544,0.01826,calm-down
RSI2_DIP,HUM,1,2026-07-25,389.32,2026-07-29,365.41,-0.06341,-0.0506,calm-down
BOLL_SNAP,CTMX,1,2026-07-25,3.24,2026-07-29,3.17,-0.0236,-0.01079,calm-down
RSI2_DIP,AVA,1,2026-07-25,42.05,2026-07-29,41.48,-0.01556,-0.00274,calm-down
RSI2_DIP,HPE,1,2026-07-25,47.69,2026-07-29,44.44,-0.07015,-0.05733,calm-down
RSI2_DIP,AMD,1,2026-07-25,521.95,2026-07-29,429.56,-0.17901,-0.16619,calm-down
RSI2_DIP,AVGO,1,2026-07-25,381.92,2026-07-29,370.32,-0.03237,-0.01956,calm-down
RSI2_DIP,ASML,1,2026-07-25,1757.09,2026-07-29,1550.69,-0.11947,-0.10665,calm-down
RSI2_DIP,ADI,1,2026-07-25,371.86,2026-07-29,353.37,-0.05172,-0.03891,calm-down
RSI2_DIP,STX,1,2026-07-25,851.69,2026-07-29,764.43,-0.10446,-0.09164,calm-down
REVERSAL_3,CRWD,1,2026-07-28,180.11,2026-07-29,179.38,-0.00605,0.00698,calm-down
REVERSAL_3,PANW,1,2026-07-28,317.32,2026-07-29,314.15,-0.01199,0.00104,calm-down
PANIC_LITE,NVDA,1,2026-07-28,196.51,2026-07-29,190.01,-0.03508,-0.02205,calm-down
REVERSAL_3,NVDA,1,2026-07-28,196.51,2026-07-29,190.01,-0.03508,-0.02205,calm-down
PANIC_BOUNCE,AMD,1,2026-07-28,494.95,2026-07-29,429.56,-0.13411,-0.12108,calm-down
REVERSAL_3,AMD,1,2026-07-28,494.95,2026-07-29,429.56,-0.13411,-0.12108,calm-down
REVERSAL_3,MRVL,1,2026-07-28,189.17,2026-07-29,163.4,-0.13823,-0.1252,calm-down
PANIC_BOUNCE,ASML,1,2026-07-28,1655.26,2026-07-29,1550.69,-0.06517,-0.05214,calm-down
PANIC_LITE,ASML,1,2026-07-28,1655.26,2026-07-29,1550.69,-0.06517,-0.05214,calm-down
REVERSAL_3,TXN,1,2026-07-28,279.41,2026-07-29,271.3,-0.03103,-0.018,calm-down
REVERSAL_3,NXPI,1,2026-07-28,267.67,2026-07-29,240.98,-0.10171,-0.08868,calm-down
REVERSAL_3,MCHP,1,2026-07-28,77.9,2026-07-29,71.37,-0.08583,-0.0728,calm-down
REVERSAL_3,DELL,1,2026-07-28,426.91,2026-07-29,369.64,-0.13615,-0.12312,calm-down
PANIC_LITE,HUM,1,2026-07-28,381.15,2026-07-29,365.41,-0.0433,-0.03027,calm-down
PANIC_LITE,CGNX,1,2026-07-28,61.29,2026-07-29,57.82,-0.05862,-0.04559,calm-down
REVERSAL_3,AVA,1,2026-07-28,41.55,2026-07-29,41.48,-0.00368,0.00934,calm-down
PANIC_LITE,LASR,1,2026-07-28,67.78,2026-07-29,59.07,-0.1305,-0.11747,calm-down
PANIC_BOUNCE,KDEF,1,2026-07-28,36.32,2026-07-29,33.58,-0.07744,-0.06441,calm-down
REVERSAL_3,GFS,1,2026-07-29,53.18,2026-07-29,47.07,-0.11689,-0.10386,calm-down
REVERSAL_3,HUM,1,2026-07-29,381.15,2026-07-29,365.41,-0.0433,-0.03027,calm-down
REVERSAL_3,MOH,1,2026-07-29,199.48,2026-07-29,199.02,-0.00431,0.00872,calm-down
PULLBACK_50,V,1,2026-07-25,351.6,2026-07-30,366.27,0.03972,0.03497,calm-down
PULLBACK_50,HUM,1,2026-07-26,394.5,2026-07-30,366.66,-0.07257,-0.07733,calm-down
RSI2_DIP,ANET,1,2026-07-28,170.76,2026-07-30,171.02,-0.00048,-0.004,calm-down
DOUBLE_DIP,AMD,1,2026-07-28,494.95,2026-07-30,485.39,-0.02132,-0.02483,calm-down
DOUBLE_DIP,MU,1,2026-07-28,900.2,2026-07-30,874.66,-0.03037,-0.03389,calm-down
RSI2_DIP,MU,1,2026-07-28,900.2,2026-07-30,874.66,-0.03037,-0.03389,calm-down
DOUBLE_DIP,ASML,1,2026-07-28,1655.26,2026-07-30,1651.44,-0.00431,-0.00783,calm-down
BOLL_SNAP,ASML,1,2026-07-28,1655.26,2026-07-30,1651.44,-0.00431,-0.00783,calm-down
DOUBLE_DIP,AMAT,1,2026-07-28,516.89,2026-07-30,501.77,-0.03125,-0.03477,calm-down
RSI2_DIP,AMAT,1,2026-07-28,516.89,2026-07-30,501.77,-0.03125,-0.03477,calm-down
DOUBLE_DIP,LRCX,1,2026-07-28,291.61,2026-07-30,297.72,0.01895,0.01543,calm-down
DOUBLE_DIP,KLAC,1,2026-07-28,203.36,2026-07-30,180.33,-0.11525,-0.11877,calm-down
RSI2_DIP,KLAC,1,2026-07-28,203.36,2026-07-30,180.33,-0.11525,-0.11877,calm-down
DOUBLE_DIP,TER,1,2026-07-28,334.77,2026-07-30,365.49,0.08976,0.08625,calm-down
RSI2_DIP,TER,1,2026-07-28,334.77,2026-07-30,365.49,0.08976,0.08625,calm-down
DOUBLE_DIP,TSEM,1,2026-07-28,224.21,2026-07-30,211.16,-0.0602,-0.06372,calm-down
DOUBLE_DIP,WDC,1,2026-07-28,497.92,2026-07-30,533.04,0.06853,0.06502,calm-down
BOLL_SNAP,HUM,1,2026-07-28,381.15,2026-07-30,366.66,-0.04002,-0.04353,calm-down
PANIC_BOUNCE,PLTR,1,2026-07-29,123.53,2026-07-30,122.26,-0.01228,-0.0134,calm-down
PANIC_LITE,PLTR,1,2026-07-29,123.53,2026-07-30,122.26,-0.01228,-0.0134,calm-down
REVERSAL_3,ANET,1,2026-07-29,169.71,2026-07-30,171.02,0.00572,0.0046,calm-down
PANIC_BOUNCE,HPE,1,2026-07-29,45.59,2026-07-30,47.14,0.032,0.03088,calm-down
PANIC_LITE,HPE,1,2026-07-29,45.59,2026-07-30,47.14,0.032,0.03088,calm-down
PANIC_BOUNCE,NBIS,1,2026-07-29,169.69,2026-07-30,188.43,0.10844,0.10732,calm-down
PANIC_LITE,NBIS,1,2026-07-29,169.69,2026-07-30,188.43,0.10844,0.10732,calm-down
PANIC_LITE,CRWV,1,2026-07-29,67.3,2026-07-30,73.9,0.09607,0.09495,calm-down
PANIC_LITE,INOD,1,2026-07-29,57.56,2026-07-30,60.07,0.04161,0.04049,calm-down
PANIC_LITE,AMD,1,2026-07-29,454.62,2026-07-30,485.39,0.06568,0.06456,calm-down
REVERSAL_3,TSM,1,2026-07-29,392.31,2026-07-30,403.31,0.02604,0.02492,calm-down
PANIC_LITE,QCOM,1,2026-07-29,162.88,2026-07-30,151.6,-0.07125,-0.07237,calm-down
PANIC_BOUNCE,MU,1,2026-07-29,820.53,2026-07-30,874.66,0.06397,0.06285,calm-down
PANIC_LITE,MU,1,2026-07-29,820.53,2026-07-30,874.66,0.06397,0.06285,calm-down
REVERSAL_3,MU,1,2026-07-29,820.53,2026-07-30,874.66,0.06397,0.06285,calm-down
PANIC_BOUNCE,MRVL,1,2026-07-29,174.47,2026-07-30,183.3,0.04861,0.04749,calm-down
PANIC_LITE,MRVL,1,2026-07-29,174.47,2026-07-30,183.3,0.04861,0.04749,calm-down
PANIC_LITE,SMCI,1,2026-07-29,28.45,2026-07-30,27.73,-0.02731,-0.02843,calm-down
PANIC_LITE,NXPI,1,2026-07-29,259.12,2026-07-30,245.16,-0.05587,-0.05699,calm-down
PANIC_BOUNCE,INTC,1,2026-07-29,86.3,2026-07-30,91.13,0.05397,0.05285,calm-down
PANIC_LITE,INTC,1,2026-07-29,86.3,2026-07-30,91.13,0.05397,0.05285,calm-down
REVERSAL_3,INTC,1,2026-07-29,86.3,2026-07-30,91.13,0.05397,0.05285,calm-down
PANIC_BOUNCE,ON,1,2026-07-29,84.39,2026-07-30,83.74,-0.0097,-0.01082,calm-down
PANIC_LITE,ON,1,2026-07-29,84.39,2026-07-30,83.74,-0.0097,-0.01082,calm-down
PANIC_LITE,MPWR,1,2026-07-29,1282.01,2026-07-30,1316.18,0.02465,0.02353,calm-down
PANIC_BOUNCE,AMAT,1,2026-07-29,476.46,2026-07-30,501.77,0.05112,0.05,calm-down
PANIC_LITE,AMAT,1,2026-07-29,476.46,2026-07-30,501.77,0.05112,0.05,calm-down
REVERSAL_3,AMAT,1,2026-07-29,476.46,2026-07-30,501.77,0.05112,0.05,calm-down
PANIC_BOUNCE,LRCX,1,2026-07-29,269.61,2026-07-30,297.72,0.10226,0.10114,calm-down
PANIC_LITE,LRCX,1,2026-07-29,269.61,2026-07-30,297.72,0.10226,0.10114,calm-down
REVERSAL_3,LRCX,1,2026-07-29,269.61,2026-07-30,297.72,0.10226,0.10114,calm-down
PANIC_BOUNCE,KLAC,1,2026-07-29,190.8,2026-07-30,180.33,-0.05687,-0.05799,calm-down
PANIC_LITE,KLAC,1,2026-07-29,190.8,2026-07-30,180.33,-0.05687,-0.05799,calm-down
REVERSAL_3,KLAC,1,2026-07-29,190.8,2026-07-30,180.33,-0.05687,-0.05799,calm-down
PANIC_LITE,TER,1,2026-07-29,320.65,2026-07-30,365.49,0.13784,0.13672,calm-down
REVERSAL_3,TER,1,2026-07-29,320.65,2026-07-30,365.49,0.13784,0.13672,calm-down
PANIC_BOUNCE,GFS,1,2026-07-29,49.02,2026-07-30,49.89,0.01575,0.01463,calm-down
PANIC_LITE,GFS,1,2026-07-29,49.02,2026-07-30,49.89,0.01575,0.01463,calm-down
PANIC_BOUNCE,TSEM,1,2026-07-29,202.99,2026-07-30,211.16,0.03825,0.03713,calm-down
PANIC_LITE,TSEM,1,2026-07-29,202.99,2026-07-30,211.16,0.03825,0.03713,calm-down
REVERSAL_3,TSEM,1,2026-07-29,202.99,2026-07-30,211.16,0.03825,0.03713,calm-down
PANIC_BOUNCE,WDC,1,2026-07-29,463.51,2026-07-30,533.04,0.14801,0.14689,calm-down
PANIC_LITE,WDC,1,2026-07-29,463.51,2026-07-30,533.04,0.14801,0.14689,calm-down
REVERSAL_3,WDC,1,2026-07-29,463.51,2026-07-30,533.04,0.14801,0.14689,calm-down
PANIC_BOUNCE,STX,1,2026-07-29,747.3,2026-07-30,851.68,0.13768,0.13656,calm-down
PANIC_LITE,STX,1,2026-07-29,747.3,2026-07-30,851.68,0.13768,0.13656,calm-down
REVERSAL_3,STX,1,2026-07-29,747.3,2026-07-30,851.68,0.13768,0.13656,calm-down
PANIC_BOUNCE,SNDK,1,2026-07-29,1096.1,2026-07-30,1279.96,0.16574,0.16462,calm-down
PANIC_LITE,SNDK,1,2026-07-29,1096.1,2026-07-30,1279.96,0.16574,0.16462,calm-down
REVERSAL_3,SNDK,1,2026-07-29,1096.1,2026-07-30,1279.96,0.16574,0.16462,calm-down
PANIC_BOUNCE,DELL,1,2026-07-29,392.1,2026-07-30,404.81,0.03042,0.02929,calm-down
PANIC_LITE,DELL,1,2026-07-29,392.1,2026-07-30,404.81,0.03042,0.02929,calm-down
PANIC_BOUNCE,GLW,1,2026-07-29,126.01,2026-07-30,135.22,0.07109,0.06997,calm-down
PANIC_LITE,GLW,1,2026-07-29,126.01,2026-07-30,135.22,0.07109,0.06997,calm-down
PANIC_LITE,HOOD,1,2026-07-29,92.76,2026-07-30,86.6,-0.06841,-0.06953,calm-down
PANIC_BOUNCE,TXT,1,2026-07-29,89.96,2026-07-30,87.09,-0.0339,-0.03502,calm-down
PANIC_LITE,TXT,1,2026-07-29,89.96,2026-07-30,87.09,-0.0339,-0.03502,calm-down
REVERSAL_3,CGNX,1,2026-07-29,60.36,2026-07-30,62.62,0.03544,0.03432,calm-down
PANIC_LITE,CAT,1,2026-07-29,840.85,2026-07-30,809.14,-0.03971,-0.04083,calm-down
REVERSAL_3,CAT,1,2026-07-29,840.85,2026-07-30,809.14,-0.03971,-0.04083,calm-down
PANIC_BOUNCE,VRT,1,2026-07-29,269.56,2026-07-30,227.5,-0.15803,-0.15915,calm-down
PANIC_LITE,VRT,1,2026-07-29,269.56,2026-07-30,227.5,-0.15803,-0.15915,calm-down
REVERSAL_3,VRT,1,2026-07-29,269.56,2026-07-30,227.5,-0.15803,-0.15915,calm-down
PANIC_LITE,CEG,1,2026-07-29,259.82,2026-07-30,263.56,0.01239,0.01127,calm-down
PANIC_BOUNCE,BE,1,2026-07-29,166.84,2026-07-30,207.12,0.23943,0.23831,calm-down
PANIC_LITE,BE,1,2026-07-29,166.84,2026-07-30,207.12,0.23943,0.23831,calm-down
PANIC_BOUNCE,OKLO,1,2026-07-29,39.58,2026-07-30,41.09,0.03615,0.03503,calm-down
PANIC_LITE,OKLO,1,2026-07-29,39.58,2026-07-30,41.09,0.03615,0.03503,calm-down
PANIC_LITE,SMR,1,2026-07-29,8.22,2026-07-30,8.6,0.04423,0.04311,calm-down
PANIC_BOUNCE,IONQ,1,2026-07-29,33.88,2026-07-30,35.77,0.05379,0.05266,calm-down
PANIC_LITE,IONQ,1,2026-07-29,33.88,2026-07-30,35.77,0.05379,0.05266,calm-down
PANIC_BOUNCE,QBTS,1,2026-07-29,17.64,2026-07-30,17.98,0.01727,0.01615,calm-down
PANIC_BOUNCE,RGTI,1,2026-07-29,14.52,2026-07-30,14.86,0.02142,0.0203,calm-down
PANIC_BOUNCE,IREN,1,2026-07-29,33.93,2026-07-30,38.26,0.12562,0.1245,calm-down
PANIC_BOUNCE,LASR,1,2026-07-29,63.3,2026-07-30,65.71,0.03607,0.03495,calm-down
REVERSAL_3,LASR,1,2026-07-29,63.3,2026-07-30,65.71,0.03607,0.03495,calm-down
PANIC_BOUNCE,LPTH,1,2026-07-29,10.37,2026-07-30,10.33,-0.00586,-0.00698,calm-down
PANIC_BOUNCE,ARM,1,2026-07-29,244.74,2026-07-30,241.54,-0.01508,-0.0162,calm-down
PANIC_LITE,ARM,1,2026-07-29,244.74,2026-07-30,241.54,-0.01508,-0.0162,calm-down
REVERSAL_3,ASML,1,2026-07-29,1582.95,2026-07-30,1651.44,0.04127,0.04015,calm-down
BOLL_SNAP,TSLA,1,2026-07-29,309.22,2026-07-30,308.85,-0.0032,-0.00671,calm-down
PULLBACK_50,NBIS,1,2026-07-25,187.77,2026-07-31,190.41,0.01206,0.0011,calm-down
PULLBACK_50,MPWR,1,2026-07-25,1333.81,2026-07-31,1426.03,0.06714,0.05618,calm-down
PULLBACK_50,TSEM,1,2026-07-25,233.37,2026-07-31,219.67,-0.06071,-0.07167,calm-down
PULLBACK_50,AMD,1,2026-07-25,521.95,2026-07-31,476.15,-0.08975,-0.10071,calm-down
PULLBACK_50,ASML,1,2026-07-25,1757.09,2026-07-31,1629.0,-0.0749,-0.08586,calm-down
PULLBACK_50,STX,1,2026-07-25,851.69,2026-07-31,856.13,0.00321,-0.00775,calm-down
RSI2_DIP,OKTA,1,2026-07-29,136.21,2026-07-31,141.93,0.03999,0.03167,calm-down
BOLL_SNAP,AMD,1,2026-07-29,454.62,2026-07-31,476.15,0.04536,0.03703,calm-down
BOLL_SNAP,NXPI,1,2026-07-29,259.12,2026-07-31,229.16,-0.11762,-0.12595,calm-down
BOLL_SNAP,ON,1,2026-07-29,84.39,2026-07-31,81.61,-0.03494,-0.04327,calm-down
BOLL_SNAP,MCHP,1,2026-07-29,75.71,2026-07-31,74.29,-0.02076,-0.02908,calm-down
RSI2_DIP,TSEM,1,2026-07-29,202.99,2026-07-31,219.67,0.08017,0.07184,calm-down
DOUBLE_DIP,STX,1,2026-07-29,747.3,2026-07-31,856.13,0.14363,0.1353,calm-down
DOUBLE_DIP,SNDK,1,2026-07-29,1096.1,2026-07-31,1214.83,0.10632,0.09799,calm-down
BOLL_SNAP,SNDK,1,2026-07-29,1096.1,2026-07-31,1214.83,0.10632,0.09799,calm-down
DOUBLE_DIP,DELL,1,2026-07-29,392.1,2026-07-31,405.37,0.03184,0.02352,calm-down
DOUBLE_DIP,GLW,1,2026-07-29,126.01,2026-07-31,138.25,0.09514,0.08681,calm-down
RSI2_DIP,HWM,1,2026-07-29,286.04,2026-07-31,282.26,-0.01521,-0.02354,calm-down
RSI2_DIP,TXT,1,2026-07-29,89.96,2026-07-31,85.26,-0.05425,-0.06257,calm-down
RSI2_DIP,CGNX,1,2026-07-29,60.36,2026-07-31,65.24,0.07885,0.07052,calm-down
RSI2_DIP,CAT,1,2026-07-29,840.85,2026-07-31,814.81,-0.03297,-0.0413,calm-down
DOUBLE_DIP,VRT,1,2026-07-29,269.56,2026-07-31,241.57,-0.10584,-0.11416,calm-down
BOLL_SNAP,VRT,1,2026-07-29,269.56,2026-07-31,241.57,-0.10584,-0.11416,calm-down
RSI2_DIP,VRT,1,2026-07-29,269.56,2026-07-31,241.57,-0.10584,-0.11416,calm-down
RSI2_DIP,CVX,1,2026-07-29,187.58,2026-07-31,196.83,0.04731,0.03898,calm-down
DOUBLE_DIP,LASR,1,2026-07-29,63.3,2026-07-31,68.8,0.08489,0.07656,calm-down
DOUBLE_DIP,KDEF,1,2026-07-29,35.95,2026-07-31,35.51,-0.01424,-0.02257,calm-down
RSI2_DIP,LASR,1,2026-07-29,63.3,2026-07-31,68.8,0.08489,0.07656,calm-down
PANIC_BOUNCE,ANET,1,2026-07-30,157.97,2026-07-31,180.35,0.13967,0.11559,storm-down
PANIC_LITE,ANET,1,2026-07-30,157.97,2026-07-31,180.35,0.13967,0.11559,storm-down
PANIC_BOUNCE,CRWV,1,2026-07-30,60.82,2026-07-31,71.77,0.17804,0.15395,storm-down
PANIC_LITE,NVDA,1,2026-07-30,190.01,2026-07-31,200.75,0.05452,0.03044,storm-down
PANIC_BOUNCE,AMD,1,2026-07-30,429.56,2026-07-31,476.15,0.10646,0.08237,storm-down
REVERSAL_3,AMD,1,2026-07-30,429.56,2026-07-31,476.15,0.10646,0.08237,storm-down
PANIC_LITE,TSM,1,2026-07-30,374.67,2026-07-31,404.25,0.07695,0.05286,storm-down
REVERSAL_3,MRVL,1,2026-07-30,163.4,2026-07-31,187.56,0.14586,0.12177,storm-down
PANIC_BOUNCE,SMCI,1,2026-07-30,25.7,2026-07-31,28.4,0.10306,0.07897,storm-down
REVERSAL_3,TXN,1,2026-07-30,271.3,2026-07-31,275.74,0.01437,-0.00972,storm-down
PANIC_BOUNCE,NXPI,1,2026-07-30,240.98,2026-07-31,229.16,-0.05105,-0.07514,storm-down
PANIC_LITE,ADI,1,2026-07-30,353.37,2026-07-31,367.41,0.03773,0.01365,storm-down
PANIC_BOUNCE,MCHP,1,2026-07-30,71.37,2026-07-31,74.29,0.03891,0.01483,storm-down
PANIC_LITE,MCHP,1,2026-07-30,71.37,2026-07-31,74.29,0.03891,0.01483,storm-down
REVERSAL_3,DELL,1,2026-07-30,369.64,2026-07-31,405.37,0.09466,0.07058,storm-down
PANIC_BOUNCE,SOFI,1,2026-07-30,15.25,2026-07-31,16.31,0.06751,0.04342,storm-down
PANIC_BOUNCE,HUM,1,2026-07-30,365.41,2026-07-31,363.86,-0.00624,-0.03033,storm-down
PANIC_BOUNCE,HII,1,2026-07-30,280.4,2026-07-31,326.45,0.16223,0.13814,storm-down
REVERSAL_3,HWM,1,2026-07-30,272.79,2026-07-31,282.26,0.03272,0.00863,storm-down
PANIC_BOUNCE,AVAV,1,2026-07-30,142.12,2026-07-31,149.37,0.04901,0.02493,storm-down
PANIC_BOUNCE,KTOS,1,2026-07-30,43.88,2026-07-31,46.6,0.05999,0.0359,storm-down
PANIC_BOUNCE,MOG.A,1,2026-07-30,389.87,2026-07-31,389.85,-0.00205,-0.02614,storm-down
