ticker,n_days,avg_eff,pct_trend,pct_chop,pct_mixed,avg_path_pct,avg_range_pct,avg_largest_swing_pct,tradeable_pct,unusual_pct,character
CTMX,21,0.473,42.9,19.0,38.1,7.5,5.0,4.7,28.6,52.4,QUIET
INOD,21,0.49,61.9,14.3,23.8,7.4,5.1,4.8,14.3,14.3,QUIET
INFQ,21,0.408,38.1,33.3,28.6,7.4,4.1,3.9,33.3,0.0,QUIET
IREN,21,0.404,52.4,47.6,0.0,6.9,4.4,4.2,9.5,0.0,QUIET
NBIS,21,0.484,57.1,33.3,9.5,6.6,4.0,3.6,19.0,0.0,QUIET
BE,21,0.444,47.6,23.8,28.6,6.6,4.3,4.0,9.5,0.0,QUIET
IONQ,21,0.384,38.1,33.3,28.6,6.6,3.9,3.5,9.5,19.0,QUIET
PCT,21,0.366,33.3,38.1,28.6,6.6,4.1,3.9,14.3,14.3,QUIET
LPTH,21,0.42,47.6,23.8,28.6,6.6,4.3,4.0,9.5,0.0,QUIET
CBRS,21,0.538,52.4,9.5,38.1,6.6,4.1,3.7,19.0,0.0,QUIET
ASTS,21,0.437,42.9,28.6,28.6,6.4,4.2,3.9,14.3,0.0,QUIET
CRWV,21,0.443,38.1,38.1,23.8,6.2,3.9,3.7,4.8,4.8,QUIET
RGTI,21,0.546,57.1,19.0,23.8,6.2,3.9,3.4,14.3,4.8,QUIET
IOT,21,0.53,47.6,9.5,42.9,6.0,3.7,3.6,4.8,47.6,QUIET
SMR,21,0.43,47.6,28.6,23.8,5.9,4.3,4.0,9.5,0.0,QUIET
STX,21,0.383,33.3,28.6,38.1,5.8,3.8,3.6,4.8,4.8,QUIET
COIN,21,0.579,71.4,9.5,19.0,5.8,4.3,4.0,4.8,4.8,QUIET
AVAV,21,0.496,47.6,38.1,14.3,5.8,3.8,3.6,14.3,14.3,QUIET
SMCI,21,0.52,57.1,19.0,23.8,5.7,3.9,3.7,4.8,4.8,QUIET
QBTS,21,0.509,52.4,28.6,19.0,5.7,3.8,3.5,9.5,9.5,QUIET
HPE,21,0.541,66.7,28.6,4.8,5.6,4.1,3.8,9.5,14.3,QUIET
RKLB,21,0.489,52.4,38.1,9.5,5.6,3.5,3.4,9.5,4.8,QUIET
WDC,21,0.378,38.1,33.3,28.6,5.5,3.5,3.3,9.5,9.5,QUIET
ARM,21,0.492,47.6,33.3,19.0,5.3,3.8,3.6,4.8,0.0,QUIET
TSEM,21,0.429,42.9,52.4,4.8,5.3,3.3,3.1,0.0,0.0,QUIET
OKLO,21,0.393,33.3,23.8,42.9,5.3,3.3,2.9,4.8,9.5,QUIET
SNDK,21,0.414,47.6,23.8,28.6,5.2,3.7,3.5,4.8,0.0,QUIET
DELL,21,0.646,66.7,23.8,9.5,5.2,4.2,3.8,4.8,9.5,QUIET
ONDS,21,0.631,66.7,23.8,9.5,5.2,4.0,3.5,9.5,0.0,QUIET
RBLX,21,0.535,61.9,19.0,19.0,5.1,3.7,3.3,4.8,14.3,QUIET
U,21,0.514,52.4,23.8,23.8,5.0,3.7,3.4,4.8,4.8,QUIET
SOUN,21,0.468,57.1,28.6,14.3,4.9,3.3,3.1,0.0,9.5,QUIET
RDDT,21,0.49,57.1,28.6,14.3,4.8,3.5,3.2,0.0,4.8,QUIET
KTOS,21,0.514,52.4,28.6,19.0,4.8,3.1,2.9,4.8,9.5,QUIET
SNPS,21,0.687,71.4,0.0,28.6,4.6,3.3,3.1,14.3,38.1,QUIET
AXON,21,0.541,61.9,19.0,19.0,4.6,3.5,3.3,4.8,14.3,QUIET
CVNA,21,0.535,66.7,19.0,14.3,4.5,3.4,3.1,4.8,14.3,QUIET
NICE,21,0.643,66.7,14.3,19.0,4.4,3.5,3.2,9.5,23.8,QUIET
OKTA,21,0.597,61.9,14.3,23.8,4.4,3.5,3.2,0.0,4.8,QUIET
MRVL,21,0.483,42.9,38.1,19.0,4.4,3.1,2.9,0.0,0.0,QUIET
HOOD,21,0.594,71.4,14.3,14.3,4.4,3.3,3.1,4.8,4.8,QUIET
SYM,21,0.544,57.1,23.8,19.0,4.3,3.0,2.9,0.0,9.5,QUIET
LASR,21,0.568,61.9,19.0,19.0,4.3,3.3,2.9,4.8,0.0,QUIET
ON,21,0.569,66.7,19.0,14.3,4.2,3.2,3.1,4.8,4.8,QUIET
ORCL,21,0.546,57.1,19.0,23.8,4.1,3.0,2.9,4.8,14.3,QUIET
MBLY,21,0.538,52.4,28.6,19.0,4.1,3.3,3.1,0.0,4.8,QUIET
PANW,21,0.567,66.7,33.3,0.0,4.0,3.2,3.2,0.0,23.8,QUIET
PLTR,21,0.58,57.1,19.0,23.8,3.9,3.0,2.8,0.0,14.3,QUIET
PINS,21,0.648,76.2,14.3,9.5,3.9,3.4,3.1,4.8,19.0,QUIET
INTC,21,0.594,61.9,4.8,33.3,3.9,3.3,3.0,4.8,4.8,QUIET
SPCX,21,0.641,71.4,14.3,14.3,3.9,3.2,3.0,0.0,0.0,QUIET
SHOP,21,0.715,81.0,4.8,14.3,3.8,3.3,3.1,4.8,9.5,QUIET
MU,21,0.569,52.4,28.6,19.0,3.8,2.7,2.6,4.8,4.8,QUIET
TER,21,0.6,61.9,19.0,19.0,3.8,3.2,3.0,0.0,0.0,QUIET
NU,21,0.553,61.9,28.6,9.5,3.8,3.0,2.9,0.0,23.8,QUIET
JBLU,21,0.437,47.6,33.3,19.0,3.8,2.5,2.4,0.0,4.8,QUIET
CRWD,21,0.6,66.7,23.8,9.5,3.7,3.0,2.9,0.0,9.5,QUIET
QCOM,21,0.492,52.4,23.8,23.8,3.7,2.9,2.8,0.0,19.0,QUIET
GFS,21,0.548,61.9,28.6,9.5,3.7,2.9,2.8,0.0,0.0,QUIET
GLW,21,0.685,81.0,14.3,4.8,3.7,3.1,2.9,0.0,0.0,QUIET
MOH,21,0.513,61.9,33.3,4.8,3.6,2.7,2.6,0.0,19.0,QUIET
PKE,21,0.516,57.1,19.0,23.8,3.6,2.8,2.6,0.0,4.8,QUIET
TSM,21,0.588,61.9,23.8,14.3,3.5,2.5,2.3,4.8,,QUIET
VRT,21,0.602,71.4,23.8,4.8,3.5,3.0,2.8,4.8,4.8,QUIET
CEG,21,0.702,85.7,14.3,0.0,3.5,2.9,2.8,0.0,38.1,QUIET
ASML,21,0.614,66.7,14.3,19.0,3.4,2.6,2.4,9.5,,QUIET
SOFI,21,0.666,71.4,14.3,14.3,3.4,2.8,2.7,0.0,9.5,QUIET
HII,21,0.593,66.7,19.0,14.3,3.4,2.9,2.8,4.8,,QUIET
DASH,21,0.722,76.2,14.3,9.5,3.3,2.8,2.7,0.0,23.8,QUIET
LRCX,21,0.531,52.4,38.1,9.5,3.3,2.8,2.5,0.0,0.0,QUIET
BA,21,0.685,71.4,9.5,19.0,3.3,2.8,2.6,0.0,,QUIET
CGNX,21,0.707,85.7,9.5,4.8,3.3,3.0,2.8,0.0,0.0,QUIET
Q,21,0.68,81.0,9.5,9.5,3.3,3.1,2.7,0.0,9.5,QUIET
MOG-A,21,0.557,61.9,23.8,14.3,3.2,2.8,2.6,0.0,14.3,QUIET
CAT,21,0.615,76.2,19.0,4.8,3.2,2.6,2.5,0.0,,QUIET
KDEF,21,0.623,66.7,19.0,14.3,3.2,2.6,2.4,4.8,,QUIET
TSLA,21,0.626,66.7,19.0,14.3,3.1,2.7,2.5,0.0,0.0,QUIET
IBM,21,0.563,71.4,23.8,4.8,3.1,2.6,2.4,0.0,,QUIET
EBAY,21,0.719,81.0,9.5,9.5,3.1,2.6,2.4,0.0,28.6,QUIET
NVDA,21,0.687,76.2,4.8,19.0,3.1,2.5,2.4,0.0,,QUIET
HUM,21,0.608,71.4,19.0,9.5,3.1,2.6,2.4,0.0,23.8,QUIET
CCJ,21,0.576,66.7,9.5,23.8,3.1,2.6,2.3,4.8,4.8,QUIET
MS,20,0.616,70.0,10.0,20.0,3.1,2.5,2.4,0.0,,QUIET
META,21,0.624,71.4,14.3,14.3,3.0,2.6,2.5,0.0,,QUIET
CSCO,20,0.656,70.0,10.0,20.0,3.0,2.4,2.3,0.0,,QUIET
ADI,21,0.682,76.2,19.0,4.8,3.0,2.4,2.3,4.8,,QUIET
KLAC,21,0.669,76.2,4.8,19.0,3.0,2.8,2.5,0.0,0.0,QUIET
HWM,21,0.695,85.7,14.3,0.0,3.0,2.6,2.4,0.0,19.0,QUIET
GOOG,17,0.795,88.2,11.8,0.0,2.9,2.8,2.7,0.0,,QUIET
AMD,21,0.594,71.4,19.0,9.5,2.9,2.6,2.3,0.0,0.0,QUIET
AVGO,21,0.666,81.0,4.8,14.3,2.9,2.6,2.4,4.8,,QUIET
TXN,21,0.61,66.7,14.3,19.0,2.9,2.3,2.2,4.8,,QUIET
MCHP,21,0.687,71.4,14.3,14.3,2.9,2.7,2.5,0.0,0.0,QUIET
MPWR,21,0.545,57.1,19.0,23.8,2.9,2.5,2.3,0.0,0.0,QUIET
TXT,16,0.675,81.2,12.5,6.2,2.9,2.3,2.1,6.2,,QUIET
NQ=F,11,0.814,90.9,0.0,9.1,2.9,2.6,2.4,0.0,,QUIET
ANET,21,0.621,76.2,14.3,9.5,2.8,2.5,2.4,0.0,0.0,QUIET
ABNB,21,0.692,81.0,9.5,9.5,2.8,2.7,2.7,0.0,,QUIET
XYZ,21,0.677,85.7,4.8,9.5,2.8,2.6,2.4,0.0,23.8,QUIET
HEI,21,0.631,76.2,14.3,9.5,2.8,2.3,2.2,0.0,,QUIET
GE,18,0.71,77.8,5.6,16.7,2.8,2.4,2.3,0.0,,QUIET
GS,21,0.652,81.0,14.3,4.8,2.8,2.5,2.3,0.0,,QUIET
UNH,17,0.747,88.2,0.0,11.8,2.8,2.6,2.5,0.0,,QUIET
NXPI,21,0.757,85.7,9.5,4.8,2.7,2.6,2.4,0.0,0.0,QUIET
TDG,18,0.729,77.8,22.2,0.0,2.7,2.4,2.3,0.0,,QUIET
AAL,21,0.702,76.2,9.5,14.3,2.7,2.6,2.4,0.0,9.5,QUIET
MSFT,16,0.607,75.0,12.5,12.5,2.6,2.4,2.3,0.0,,QUIET
BABA,14,0.792,92.9,7.1,0.0,2.6,2.6,2.5,0.0,,QUIET
AMAT,21,0.636,76.2,19.0,4.8,2.6,2.4,2.2,0.0,0.0,QUIET
LHX,17,0.656,76.5,11.8,11.8,2.6,2.3,2.2,0.0,,QUIET
BAC,11,0.712,81.8,18.2,0.0,2.6,2.4,2.3,0.0,,QUIET
HON,21,0.675,76.2,4.8,19.0,2.6,2.3,2.2,0.0,,QUIET
VZ,15,0.78,86.7,13.3,0.0,2.6,2.5,2.4,0.0,,QUIET
LLY,21,0.624,61.9,19.0,19.0,2.5,2.1,2.1,0.0,,QUIET
LMT,20,0.743,85.0,15.0,0.0,2.5,2.3,2.1,0.0,,QUIET
NMM,21,0.661,71.4,4.8,23.8,2.5,2.4,2.3,0.0,,QUIET
AVA,8,0.778,87.5,0.0,12.5,2.5,2.0,2.0,0.0,,QUIET
HD,10,0.659,70.0,30.0,0.0,2.5,2.3,2.2,0.0,,QUIET
SCHW,11,0.808,100.0,0.0,0.0,2.5,2.4,2.3,0.0,,QUIET
T,17,0.736,82.4,11.8,5.9,2.5,2.5,2.3,0.0,,QUIET
AMZN,12,0.688,66.7,0.0,33.3,2.4,2.1,2.1,0.0,,QUIET
RTX,16,0.638,68.8,18.8,12.5,2.4,2.1,2.0,0.0,,QUIET
MRK,21,0.702,81.0,9.5,9.5,2.4,2.1,2.1,0.0,,QUIET
NFLX,21,0.758,90.5,0.0,9.5,2.3,2.4,2.2,0.0,,QUIET
JPM,9,0.647,77.8,11.1,11.1,2.3,2.1,2.1,0.0,,QUIET
CVS,21,0.784,95.2,4.8,0.0,2.3,2.3,2.2,0.0,,QUIET
WFC,19,0.782,89.5,0.0,10.5,2.3,2.3,2.2,0.0,,QUIET
AAPL,18,0.715,83.3,11.1,5.6,2.2,2.0,2.0,0.0,,QUIET
NOC,19,0.797,89.5,0.0,10.5,2.2,2.4,2.1,0.0,,QUIET
NKE,21,0.793,95.2,0.0,4.8,2.2,2.4,2.2,0.0,,QUIET
GM,21,0.809,100.0,0.0,0.0,2.2,2.5,2.2,0.0,,QUIET
MO,15,0.783,93.3,6.7,0.0,2.2,2.3,2.0,0.0,,QUIET
UNP,13,0.778,92.3,7.7,0.0,2.2,2.2,2.1,0.0,,QUIET
XOM,11,0.666,81.8,9.1,9.1,2.2,2.1,2.0,0.0,,QUIET
ABBV,10,0.746,80.0,10.0,10.0,2.1,2.0,1.9,0.0,,QUIET
PG,9,0.915,100.0,0.0,0.0,2.1,2.2,2.1,0.0,,QUIET
WMT,15,0.873,100.0,0.0,0.0,2.0,2.2,2.0,0.0,,QUIET
GD,12,0.72,91.7,0.0,8.3,1.9,2.1,1.9,0.0,,QUIET
CVX,11,0.794,100.0,0.0,0.0,1.9,2.0,1.9,0.0,,QUIET
JNJ,12,0.805,91.7,0.0,8.3,1.9,2.0,1.9,0.0,,QUIET
